section,offence_name,class,minimum_indictable,maximum_indictable,minimum_summary,maximum_summary
cc46(1),high treason,life,life,,
cc46(2),treason,life,life,,
cc50(1)(a),assisting alien enemy to leave canada,,14y,,
cc50(1)(b),omitting to prevent treason,,14y,,
cc51,intimidating parliament or legislature,,14y,,
cc52,sabotage,,10y,,summary
cc52.1,sabotage — essential infrastructure,,10y,,summary
cc52.2,sabotage — device,,10y,,
cc53,inciting to mutiny,,14y,,
cc54,assisting deserter,,,,summary
cc56,offences in relation to members of rcmp,,,,summary
cc56.1,identity documents,,5y,,summary
cc57(1),forgery of or uttering forged passport,,14y,,
cc57(2),false statement in relation to passport,,2y,,summary
cc57(3),possession of forged passport,,5y,,summary
cc58,fraudulent use of certificate of citizenship,,2y,,summary
cc61,sedition,,14y,,
cc62,offences in relation to military forces,,5y,,summary
cc65(1),riot,,2y,,summary
cc65(2),riot — concealment of identity,,10y,,summary
cc66(1),unlawful assembly,,,,summary
cc66(2),unlawful assembly — concealment of identity,,5y,,summary
cc68,offences related to proclamation,,life,,
cc69,neglect by peace officer,,2y,,summary
cc70,contravening an order in council,,5y,,summary
cc72(1),forcible entry,,2y,,summary
cc72(2),forcible detainer,,2y,,summary
cc74,piracy,,life,,
cc75,piratical acts,,14y,,
cc76,hijacking,,life,,
cc77,endangering safety of aircraft or airport,,life,,
cc78,offensive weapons and explosive substances,,14y,,
cc78.1(1),seizing control of ship or fixed platform,,life,,
cc78.1(2),endangering safety of ship or fixed platform,,life,,
cc78.1(3),false communication,,life,,
cc78.1(4),threats causing death or injury,,life,,
cc80(a),breach of duty re explosive — causing death,,life,,
cc80(b),breach of duty re explosive — causing bodily harm,,14y,,
cc81(1)(a),using explosives likely to cause serious harm,,life,,
cc81(1)(b),handling explosives with harmful intent,,life,,
cc81(1)(c),handling explosives with intent to damage property,,14y,,
cc81(1)(d),making or possessing explosives with harmful intent,,14y,,
cc82(1),possessing explosives,,5y,,summary
cc82(2),possessing explosives — criminal organization,,14y,,
cc82.3,possessing radioactive materials or devices,,life,,
cc82.4,using radioactive materials or devices,,life,,
cc82.5,commit indictable offence — radioactive materials,,life,,
cc82.6,threatening to commit a radioactive materials offence,,14y,,
cc83,prize fighting,,,,summary
cc83.02,collecting property for terrorist activities,,10y,,
cc83.03(1),providing property or services for terrorist purposes,,10y,,
cc83.03(2),providing property or services for use by a terrorist group,,10y,,
cc83.04,using or possessing property for terrorist purposes,,10y,,
cc83.08,dealing with terrorist property,,10y,,729d-100000$-729d&100000$
cc83.1,failure to disclose terrorist property,,10y,,729d-100000$-729d&100000$
cc83.11,failure to audit for listed entities,,10y,,729d-100000$-729d&100000$
cc83.18,participaty in terrorist group activity,,10y,,
cc83.181,leaving canada to participate in terrorist group activity,,10y,,
cc83.19,facilitating terrorist activity,,14y,,
cc83.191,leaving canada to facilitate terrorist activity,,14y,,
cc83.2,commit indictable offence — benefit terrorist group,,life,,
cc83.201,leave canada to commit offence for terrorist group,,life,,
cc83.202,leaving canada to commit offence that is terrorist activity,,14y,,
cc83.21,instructing to carry out activity for terrorist group,,life,,
cc83.22,instructing to carry out terrorist activity,,life,,
cc83.221,counselling commission of terrorism offence,,5y,,
cc83.23(1)(a),concealing person who carried out terrorist activity — commit offence punishable by life,,14y,,
cc83.23(1)(b),concealing person who carried out terrorist activity — other,,10y,,
cc83.23(2),concealing person who is likely to carry out terrorist activity,,10y,,
cc83.231(2),hoax — terrorist activity,,5y,,summary
cc83.231(3),hoax causing bodily harm — terrorist activity,,10y,,summary
cc83.231(4),hoax causing death — terrorist activity,,life,,
cc83.27,terrorist activity,,life,,
cc85(1),using firearm in commission of offence,,14y,,
cc85(2),using imitation firearm in commission of offence,,14y,,
cc86(1),careless use of firearm,,2y,,summary
cc86(2),contravention of storage regulations — firearm,,2y,,summary
cc87,pointing a firearm,,5y,,summary
cc88,possesion of weapon for dangerous purpose,,10y,,summary
cc89,carrying weapon while attending public meeting,,,,summary
cc90,carrying concealed weapon,,5y,,summary
cc91(1),unauthorized possession of firearm,,5y,,summary
cc91(2),unauthorized possession of prohibited weapon or restricted weapon,,5y,,summary
cc92(1),possession of firearm knowing its possession is unauthorized,,10y,,
cc92(2),possession of prohibited weapon device or ammunition knowing its possession is unauthorized,,10y,,
cc93,possession at unauthorized place,,5y,,summary
cc94,unauthorized possession in motor vehicle,,10y,,summary
cc95,possession of prohibited or restricted firearm with ammunition,,14y,,summary
cc96,possession of weapon obtained by commission of offence,,14y,,summary
cc98,breaking and entering to steal firearm,,life,,
cc98.1,robbery to steal firearm,,life,,
cc99(2),weapons trafficking — firearm — first offence,3y,14y,,
cc99(2),weapons trafficking — firearm — subsequent offence,5y,14y,,
cc99(3),weapons trafficking — other,,14y,,
cc100(2),possession for purpose of weapons trafficking — firearm — first offence,3y,14y,,
cc100(2),possession for purpose of weapons trafficking — firearm — subsequent offence,5y,14y,,
cc100(3),possession for purpose of weapons trafficking — other,,14y,,
cc101,transfer without authority,,5y,,summary
cc102,making automatic firearm,1y,10y,,summary
cc102.1,possession or distribution of computer data — firearm manufacture,,10y,,summary
cc103(2),importing or exporting knowing it is unauthorized — firearm — first offence,3y,14y,,
cc103(2),importing or exporting knowing it is unauthorized — firearm — subsequent offence,5y,14y,,
cc103(3),importing or exporting knowing it is unauthorized — other,,14y,,
cc104,importing or exporting knowing it is unauthorized — firearm,,5y,,summary
cc104.1,altering cartridge magazine,,5y,,summary
cc105,losing or finding — firearm,,5y,,summary
cc106,destroying — firearm,,5y,,summary
cc107,false statements — firearm,,5y,,summary
cc108,tampering with serial number,,5y,,summary
cc117.01,possession contrary to order,,10y,,summary
cc119,bribery of judicial officers,,14y,,
cc120,bribery of officers,,14y,,
cc121,frauds on the government,,5y,,summary
cc121.1,selling tobacco products and raw leaf tobacco,,5y,,summary
cc122,breach of trust by public officer,,5y,,summary
cc123,municipal corruption,,5y,,
cc123(1),municipal corruption,,,,summary
cc123(2),influencing municipal official,,5y,,summary
cc124,selling or purchasing office,,5y,,summary
cc125,influencing or negotiating appointments or dealing in offices,,5y,,summary
cc126,disobeying a statute,,2y,,summary
cc127,disobeying order of court,,2y,,summary
cc128,misconduct of officers executing process,,2y,,summary
cc129,offences relating to public or peace officer,,2y,,summary
cc130,personating peace officer,,5y,,summary
cc132,perjury,,14y,,
cc136,witness giving contradictory evidence,,14y,,
cc137,fabricating evidence,,14y,,
cc138,offences relating to affidavits,,14y,,
cc139(1),obstructing justice — surety indemnity,,2y,,summary
cc139(2),obstructing justice — other,,10y,,summary
cc140,public mischief,,5y,,summary
cc141,compounding indictable offence,,2y,,summary
cc142,corruptly taking reward for recovery of goods,,5y,,summary
cc144,prison breach,,10y,,summary
cc145(1),escape and being at large without excuse,,2y,,summary
cc145(2),failure to attend court or surrender,,2y,,summary
cc145(3),failure to comply with appearance notice or summons,,2y,,summary
cc145(4),failure to comply with undertaking,,2y,,summary
cc145(5),failure to comply with order,,2y,,summary
cc146,permitting or assisting escape,,14y,,summary
cc147,rescue or permitting escape,,5y,,summary
cc148,assisting prisoner of war to escape,,5y,,summary
cc151,sexual interference,1y,14y,90d,729d
cc152,invitation to sexual touching,1y,14y,90d,729d
cc153,sexual exploitation,1y,14y,90d,729d
cc153.1,sexual exploitation of person with disability,,10y,,summary
cc155,incest — under 16,5y,14y,,
cc155,incest — other,,14y,,
cc160(1),bestiality,,10y,,summary
cc160(2),compelling the commission of bestiality,,10y,,summary
cc160(3),bestiality in presence of or by child,1y,14y,6m,summary
cc161(4),failure to comply with 161 order,,4y,,summary
cc162(1),voyeurism,,5y,,summary
cc162(4),printing publication of voyeuristic recordings,,5y,,summary
cc162.1,publication of an intimate image without consent,,5y,,summary
cc162.2(4),failure to comply with prohibition order,,4y,,summary
cc163,obscene materials,,2y,,summary
cc163.1(2),making child pornography,1y,14y,,
cc163.1(3),distribution of child pornography,1y,14y,,
cc163.1(4),possession of child pornography,1y,10y,6m,729d
cc163.1(4.1),accessing child pornography,1y,10y,6m,729d
cc167,immoral theatrical performance,,2y,,summary
cc168,mailing obscene matter,,2y,,summary
cc170,parent or guardian procuring sexual activity,1y,14y,,
cc171,householder permitting sexual activity,1y,14y,,
cc171.1,making sexually explicit material available to child,6m,14y,90d,729d
cc172,corrupting children,,2y,,summary
cc172.1,luring a child,1y,14y,6m,729d
cc172.2,agreement or arrangement — sexual offence against child,1y,14y,6m,729d
cc173(1),indecent acts,,2y,,summary
cc173(2),exposure,90,2y,30,6m
cc174,nudity,,,,summary
cc175,cause disturbance,,,,summary
cc176,obstructing or violence to or arrest of officiating clergyman,,2y,,summary
cc177,trespassing at night,,,,summary
cc180,common nuisance,,2y,,summary
cc182,dead body,,5y,,summary
cc184,interception,,5y,,summary
cc184.5,interception of radio-based telephone,,5y,,summary
cc191,possession — private communication interception device,,2y,,summary
cc193,disclosure of information,,2y,,summary
cc193.1,disclosure of information received from interception of radio-based telephone communications,,2y,,summary
cc201(1),keeping gaming or betting house,,2y,,summary
cc201(2),person found in or owner permitting use,,,,summary
cc202,betting pool-selling book-making — first offence,,2y,,
cc202,betting pool-selling book-making — second offence,14d,2y,,
cc202,betting pool-selling book-making — subsequent offence,3m,2y,,
cc203,placing bets on behalf of others — first offence,,2y,,
cc203,placing bets on behalf of others — second offence,14d,2y,,
cc203,placing bets on behalf of others — subsequent offence,3m,2y,,
cc204,contravention — horse racing regulations,,2y,,summary
cc206(1),offence in relation to lotteries and games of chance,,2y,,
cc206(4),ticket sales in relation to lotteries and games of chance,,,,summary
cc207(3)(a),offence — permitted lotteries — unauthorized management or operation,,2y,,summary
cc207(3)(b),offence — permitted lotteries — unauthorized participation,,,,summary
cc207.1(3)(a),offence — lottery scheme on an international cruise ship — unauthorized management or operation,,2y,,summary
cc207.1(3)(b),offence — lottery scheme on an international cruise ship — unauthorized participation,,,,summary
cc209,cheating at play,,2y,,summary
cc213(1),stopping or impeding traffic — sexual services for consideration,,,,summary
cc213(1.1),communicating to provide sexual services for consideration,,,,summary
cc215,offence — duty of persons to provide necessaries,,5y,,summary
cc218,abandoning child,,5y,,summary
cc220(a),criminal negligence causing death — firearm,4y,life,,
cc220(b),criminal negligence causing death — other,,life,,
cc221,criminal negligence causing bodily harm,,10y,,summary
cc231(2),murder — first degree,life,life,,
cc231(7),murder — second degree,life,life,,
cc236(a),manslaughter — firearm,4y,life,,
cc236(b),manslaughter,,life,,
cc237,infanticide,,5y,,summary
cc238,killing unborn child in act of birth,,life,,
cc239(1)(a),attempt to commit murder — restricted or prohibited firearm — first offence,5y,life,,
cc239(1)(a),attempt to commit murder — restricted or prohibited firearm — subsequent offence,7y,life,,
cc239(1)(a.1),attempt to commit murder — firearm,4y,life,,
cc239(1)(b),attempt to commit murder,,life,,
cc240,accessory after the fact to murder,,life,,
cc240.1,removal without informed consent — trafficking in human organs,,14y,,
cc241,counselling or aiding suicide,,14y,,
cc241.3,failure to comply with safeguards — medical assistance in dying,,5y,,summary
cc241.31(4),failure to comply — filing information — medical assistance in dying,,2y,,summary
cc241.31(5),failure to comply — regulations — medical assistance in dying,,2y,,summary
cc241.4,forgery — medical assistance in dying,,5y,,summary
cc242,neglect to obtain assistance in childbirth,,5y,,summary
cc243,concealing body of child,,2y,,summary
cc244(2)(a),discharging firearm with intent — restricted or prohibited firearm — first offence,5y,life,,
cc244(2)(a),discharging firearm with intent — restricted or prohibited firearm — subsequent offence,7y,life,,
cc244(2)(b),discharging firearm with intent,,14y,,
cc244.1,causing bodily harm with intent — air gun or pistol,,14y,,
cc244.2(3)(a),discharging firearm — recklessness — restricted or prohibited firearm — first offence,5y,14y,,
cc244.2(3)(a),discharging firearm — recklessness — restricted or prohibited firearm — subsequent offence,7y,14y,,
cc244.2(3)(b),discharging firearm — recklessness,,14y,,
cc245(1)(a),administering noxious thing — intent to cause bodily harm or endanger life,,14y,,
cc245(1)(b),administering noxious thing — intent to aggrieve or annoy,,2y,,
cc246,overcoming resistance to commission of offence,,life,,
cc247(1),traps likely to cause bodily harm,,5y,,summary
cc247(2),traps likely to cause bodily harm — causing bodily harm,,10y,,summary
cc247(3),traps likely to cause bodily harm — offence-related place,,10y,,summary
cc247(4),traps likely to cause bodily harm — offence-related place — causing bodily harm ,,14y,,
cc247(5),traps likely to cause bodily harm — death,,life,,
cc248,interfering with transportation facility,,life,,
cc262,impeding attempt to save life,,10y,,summary
cc263(3)(c),offences — duty to safeguard opening in ice or excavation on land,,,,summary
cc264,criminal harassment,,10y,,summary
cc264.1(a),uttering threats — death or bodily harm,,5y,,summary
cc264.1(b),uttering threats — damage property,,2y,,summary
cc264.1(c),uttering threats — kill animal,,2y,,summary
cc266,assault,,5y,,summary
cc267,assault with a weapon or causing bodily harm,,10y,,summary
cc268,aggravated assault,,14y,,
cc269,unlawfully causing bodily harm,,10y,,summary
cc269.1,torture,,14y,,
cc270,assaulting a peace officer,,5y,,summary
cc270.01,assaulting a peace officer with a weapon or causing bodily harm,,10y,,summary
cc270.02,aggravated assault of a peace officer,,14y,,
cc270.1,disarming a peace officer,,5y,,summary
cc271(a),sexual assault,,10y,,18m
cc271(b),sexual assault — complainant under 16,1y,14y,6m,729d
cc272(2)(a),sexual assault with a weapon threats to a third party or causing bodily harm — restricted or prohibited firearm or criminal organization — first offence,5y,14y,,
cc272(2)(a),sexual assault with a weapon threats to a third party or causing bodily harm — restricted or prohibited firearm or criminal organization — subsequent offence,7y,14y,,
cc272(2)(a.1),sexual assault with a weapon threats to a third party or causing bodily harm — firearm,4y,14y,,
cc272(2)(a.2),sexual assault with a weapon threats to a third party or causing bodily harm — complainant under 16,5y,14y,,
cc272(2)(b),sexual assault with a weapon threats to a third party or causing bodily harm,,14y,,
cc273(2)(a),aggravated sexual assault — restricted or prohibited firearm or criminal organization — first offence,5y,life,,
cc273(2)(a),aggravated sexual assault — restricted or prohibited firearm or criminal organization — subsequent offence,7y,life,,
cc273(2)(a.1),aggravated sexual assault — firearm,4y,life,,
cc273(2)(a.2),aggravated sexual assault — complainant under 16,5y,life,,
cc273(2)(b),aggravated sexual assault,,life,,
cc273.3,removal of child from canada — sexual offences,,5y,,summary
cc279(1.1)(a),kidnapping — restricted or prohibited firearm or criminal organization — first offence,5y,life,,
cc279(1.1)(a),kidnapping — restricted or prohibited firearm or criminal organization — subsequent offence,7y,life,,
cc279(1.1)(a.1),kidnapping — firearm,4y,life,,
cc279(1.1)(a.2),kidnapping — complainant under 16,5y,life,,
cc279(1.1)(b),kidnapping,,life,,
cc279(2),forcible confinement,,10y,,summary
cc279.01(1)(a),trafficking in persons — additional violent offence,5y,life,,
cc279.01(1)(b),trafficking in persons,,14y,,
cc279.011(1)(a),trafficking of a person under the age of eighteen years — additional violent offence,6y,life,,
cc279.011(1)(b),trafficking of a person under the age of eighteen years,5y,14y,,
cc279.02(1),material benefit — trafficking,,10y,,summary
cc279.02(2),material benefit — trafficking of person under 18 years,2y,14y,,
cc279.03(1),withholding or destroying documents — trafficking,,5y,,summary
cc279.03(2),withholding or destroying documents — trafficking of person under 18 years,1y,14y,,
cc279.1(2)(a),hostage taking — restricted or prohibited firearm or criminal organization — first offence,5y,life,,
cc279.1(2)(a),hostage taking — restricted or prohibited firearm or criminal organization — subsequent offence,7y,life,,
cc279.1(2)(a.1),hostage taking — firearm,4y,life,,
cc279.1(2)(b),hostage taking,,life,,
cc280,abduction of person under age of 16,,5y,,summary
cc281,abduction of person under age of 14,,10y,,summary
cc282,abduction in contravention of custody or parenting order,,10y,,summary
cc283,abduction,,10y,,summary
cc286.1(1)(a)(i),obtaining sexual services for consideration — public place — first offence,2000$,5y,1000$,729d-5000$-729d&5000$
cc286.1(1)(a)(i),obtaining sexual services for consideration — public place — subsequent offence,4000$,5y,2000$,729d-5000$-729d&5000$
cc286.1(1)(a)(ii),obtaining sexual services for consideration — first offence,1000$,5y,500$,729d-5000$-729d&5000$
cc286.1(1)(a)(ii),obtaining sexual services for consideration — subsequent offence,2000$,5y,1000$,729d-5000$-729d&5000$
cc286.1(2),obtaining sexual services for consideration from person under 18 years — first offence,6m,10y,,
cc286.1(2),obtaining sexual services for consideration from person under 18 years — subsequent offence,1y,10y,,
cc286.2(1),material benefit from sexual services,,10y,,summary
cc286.2(2),material benefit from sexual services provided by person under 18 years,2y,14y,,
cc286.3(1),procuring,,14ym,,
cc286.3(2),procuring — person under 18 years,5y,14y,,
cc286.4,advertising sexual services,,5y,,summary
cc291,bigamy,,5y,,summary
cc292,procuring feigned marriage,,5y,,summary
cc293,polygamy,,5y,,summary
cc293.1,forced marriage,,5y,,summary
cc293.2,marriage under age of 16 years,,5y,,summary
cc294,pretending to solemnize marriage,,2y,,summary
cc295,marriage contrary to law,,2y,,summary
cc300,libel — publishing libel known to be false,,5y,,summary
cc301,libel — publishing defamatory libel,,2y,,summary
cc302,libel — extortion,,5y,,summary
cc318,advocating genocide,,5y,,
cc319(1),public incitement of hatred,,2y,,summary
cc319(2),wilful promotion of hatred,,2y,,summary
cc319(2.1),wilful promotion of antisemitism,,2y,,summary
cc320.102,conversion therapy,,5y,,summary
cc320.103,conversion therapy — promoting or advertising,,2y,,summary
cc320.104,conversion therapy — material benefit,,2y,,summary
cc320.13(1),dangerous operation,,10y,,summary
cc320.13(2),dangerous operation — causing bodily harm — first offence,1000$,14y,1000$,5000$-729d-729d&5000$
cc320.13(2),dangerous operation — causing bodily harm — second offence,30d,14y,30d,5000$-729d-729d&5000$
cc320.13(2),dangerous operation — causing bodily harm — subsequent offence,120d,14y,120d,5000$-729d-729d&5000$
cc320.13(3),dangerous operation — causing death — first offence,1000$,life,,
cc320.13(3),dangerous operation — causing death — second offence,30d,life,,
cc320.13(3),dangerous operation — causing death — subsequent offence,120d,life,,
cc320.14(1),operation while impaired — first offence,1000$,10y,1000$,5000$-729d-729d&5000$
cc320.14(1),operation while impaired — first offence — BAC between 120mg and 160mg,1500$,10y,1500$,5000$-729d-729d&5000$
cc320.14(1),operation while impaired — first offence — BAC over 160mg,2000$,10y,2000$,5000$-729d-729d&5000$
cc320.14(1),operation while impaired — second offence,30d,10y,30d,5000$-729d-729d&5000$
cc320.14(1),operation while impaired — subsequent offence,120d,10y,120d,5000$-729d-729d&5000$
cc320.14(2),operation while impaired — causing bodily harm — first offence,1000$,14y,1000$,5000$-729d-729d&5000$
cc320.14(2),operation while impaired — causing bodily harm — second offence,30d,14y,30d,5000$-729d-729d&5000$
cc320.14(2),operation while impaired — causing bodily harm — subsequent offence,120d,14y,120d,5000$-729d-729d&5000$
cc320.14(3),operation while impaired — causing death — first offence,1000$,life,,
cc320.14(3),operation while impaired — causing death — second offence,30d,life,,
cc320.14(3),operation while impaired — causing death — subsequent offence,120d,life,,
cc320.14(4),operation while impaired — low blood drug concentration,,,,1000$
cc320.15(1),failure or refusal to comply with demand — first offence,2000$,10y,1000$,5000$-729d-729d&5000$
cc320.15(1),failure or refusal to comply with demand — second offence,30d,10y,30d,5000$-729d-729d&5000$
cc320.15(1),failure or refusal to comply with demand — subsequent offence,120d,10y,120d,5000$-729d-729d&5000$
cc320.15(2),failure or refusal to comply with demand — accident resulting in bodily harm — first offence,1000$,10y,1000$,5000$-729d-729d&5000$
cc320.15(2),failure or refusal to comply with demand — accident resulting in bodily harm — second offence,30d,10y,30d,5000$-729d-729d&5000$
cc320.15(2),failure or refusal to comply with demand — accident resulting in bodily harm — subsequent offence,120d,10y,120d,5000$-729d-729d&5000$
cc320.15(3),failure or refusal to comply with demand — accident resulting in death — first offence,1000$,life,,
cc320.15(3),failure or refusal to comply with demand — accident resulting in death — second offence,30d,life,,
cc320.15(3),failure or refusal to comply with demand — accident resulting in death — subsequent offence,120d,life,,
cc320.16(1),failure to stop after accident,,10y,,summary
cc320.16(2),failure to stop after accident — accident resulting in bodily harm — first offence,1000$,10y,1000$,5000$-729d-729d&5000$
cc320.16(2),failure to stop after accident — accident resulting in bodily harm — second offence,30d,10y,30d,5000$-729d-729d&5000$
cc320.16(2),failure to stop after accident — accident resulting in bodily harm — subsequent offence,120d,10y,120d,5000$-729d-729d&5000$
cc320.16(3),failure to stop after accident — accident resulting in death — first offence,1000$,life,,
cc320.16(3),failure to stop after accident — accident resulting in death — second offence,30d,life,,
cc320.16(3),failure to stop after accident — accident resulting in death — subsequent offence,120d,life,,
cc320.17,flight from peace officer,,10y,,summary
cc320.18,operation while prohibited,,10y,,summary
cc327,possession of device to obtain telecommunication facility or service,,2y,,summary
cc333.1(1),motor vehicle theft,,10y,,summary
cc333.1(1),motor vehicle theft — third or subsequent offence,6m,10y,,
cc333.1(3),motor vehicle theft — violence used threatened or attempted,,14y,,
cc333.1(4),motor vehicle theft — criminal organization,,14y,,
cc333.2(1),possession of device for purpose of committing theft,,10y,,summary
cc333.2(2),distribution of device linked to theft,,10y,,summary
cc334(a),theft over $5000,,10y,,summary
cc334(b),theft under $5000,,2y,,summary
cc335,taking motor vehicle or vessel or found therein without consent,,,,summary
cc336,criminal breach of trust,,14y,,
cc338(1),fraudulently taking cattle or defacing brand,,5y,,summary
cc338(2),theft of cattle,,10y,,summary
cc339(1),taking possession of drift timber,,5y,,summary
cc339(2),dealer in second-hand goods U2014 — registered lumbering equipment,,,,summary
cc340,destroying documents of title,,10y,,summary
cc341,fraudulent concealment,,2y,,summary
cc342(1),theft forgery of credit card,,10y,,summary
cc342(3),unauthorized use of credit card data,,10y,,summary
cc342.01,instruments for copying credit card data or forging or falsifying credit cards,,10y,,summary
cc342.1,unauthorized use of computer,,10y,,summary
cc342.2,possession of device to obtain unauthorized use of computer system or commit mischief,,2y,,summary
cc344(1)(a)(i),robbery — restricted or prohibited firearm or criminal organization — first offence,5y,life,,
cc344(1)(a)(ii),robbery — restricted or prohibited firearm or criminal organization — subsequent offence,7y,life,,
cc344(1)(b),robbery,,life,,
cc345,stopping mail with intent,,life,,
cc346(1.1)(a)(i),extortion — restricted or prohibited firearm or criminal organization — first offence,5y,life,,
cc346(1.1)(a)(ii),extortion — restricted or prohibited firearm or criminal organization — subsequent offence,7y,life,,
cc346(1.1)(b),extortion,,life,,
cc347,criminal interest rate,,5y,,25000$-729d-729d&25000$
cc348(1)(d),breaking and entering with intent committing offence or breaking out — dwelling-house,,life,,
cc348(1)(e),breaking and entering with intent committing offence or breaking out — non-dwelling-house,,10y,
cc349,being unlawfully in dwelling-house,,10y,,summary
cc351(1),possession of break-in instrument,,10y,,summary
cc351(2),disguise with intent,,10y,,summary
cc352,possession of instruments for breaking into coin-operated or currency exchange devices,,2y,,summary
cc353,selling automobile master key,,2y,,summary
cc353.1,tampering with vehicle identification number,,5y,,summary
cc355(a),possessing property obtained by crime — over $5000,,10y,,summary
cc355(b),possessing property obtained by crime — under $5000,,2y,,summary
cc355.5(a),possessing or trafficking in property obtained by crime — over $5000,,14y,,
cc355.5(b),possessing or trafficking in property obtained by crime — under $5000,,5y,,summary
cc356,theft from mail,,10y,,summary
cc357,bringing into canada property obtained by crime,,10y,,summary
cc362(2)(a),false pretence or false statement — theft over $5000,,10y,,summary
cc362(2)(b),false pretence or false statement — theft under $5000,,2y,,summary
cc362(3),false pretence or false statemetn — other,,10y,,summary
cc363,obtaining execution of valuable security by fraud,,5y,,summary
cc364,fraudulently obtaining food beverage or accommodation,,,,summary
cc367,forgery,,10y,,summary
cc368,use traffkcing or possession of forged document,,10y,,summary
cc368.1,forgery instruments,,14y,,summary
cc369,exchequer bill paper public seals,,14y,,
cc372(1),false information,,2y,,summary
cc372(2),indecent communications,,2y,,summary
cc372(3),harassing communications,,2y,,summary
cc374,draw document without authority,,14y,,
cc375,obtaining by instrument based on forged document,,14y,,
cc376(1),counterfeiting stamp,,14y,,
cc376(2),counterfeiting mark,,14y,,
cc377,damaging documents,,5y,,summary
cc378,offences in relation to registers,,5y,,summary
cc380(1)(a),fraud — over $5000,,14y,,
cc380(1)(b),fraud — under $5000,,2y,,summary
cc380(1.1),fraud — over $1000000,2y,14y,,
cc380(2),fraud — affecting public market,,14y,,
cc380.2,failure to comply with prohibition order,,2y,,summary
cc381,using mails to defraud,,2y,,summary
cc382,fraudulent manipulation of stock exchange transactions,,10y,,summary
cc382.1(1),prohibited insider trading,,10y,,summary
cc382.1(2),prohibited insider trading — tipping,,5y,,summary
cc383,gaming in stocks or merchandise,,5y,,summary
cc384,broker reducing stock by selling for their own account,,5y,,summary
cc385,fraudulent concealment of title documents,,2y,,summary
cc386,fraudulent registration of title,,5y,,summary
cc387,fraudulent sale of real property,,2y,,summary
cc388,misleading receipt,,2y,,summary
cc389,fraudlent disposal of goods on which money advanced,,2y,,summary
cc390,fraudulent receipts under bank act,,2y,,summary
cc391,trade secret,,14y,,summary
cc392,disposal of property to defraud creditors,,2y,,summary
cc393(1),commit fraud in relation to fares,,2y,,summary
cc393(2),enduce fraud in relation to fares,,2y,,summary
cc393(3),fraudulently obtaining transportation,,,,summary
cc394,fraud in relation to valuable minerals,,5y,,summary
cc394.1,possession of stolen or fraudulently obtained valuable minerals,,5y,,summary
cc396,offences in relation to mines,,10y,,summary
cc397(1),falsification of books and documents,,5y,,summary
cc397(2),being privy to falsification of books and documents,,5y,,summary
cc398,falsifying employment record,,,,summary
cc399,false return by public officer,,5y,,summary
cc400,false prospectus,,10y,,summary
cc401,obtaining carriabe by false billing,,,,summary
cc402.2,theft of or trafficking in identity information,,5y,,summary
cc403,identity fraud,,10y,,summary
cc405,acknowledging instrument in false name,,5y,,summary
cc407,forging trademark,,2y,,summary
cc408,passing off,,2y,,summary
cc409,instruments for forging trademark,,2y,,summary
cc410,other offences in relation to trademarks,,2y,,summary
cc411,used goods sold without disclosure,,2y,,summary
cc415,offences in relation to wreck,,2y,,summary
cc417(1),applying or removing marks without authority,,2y,,summary
cc417(2),unlawful transactions in public stores,,2y,,summary
cc418(1),selling defective stores to her majesty,,14y,,
cc418(2),offences by representatives,,14y,,
cc419,unlawful use of military uniforms or certifictes,,,,summary
cc420,military stores,,5y,,summary
cc422,criminal breach of contract,,5y,,summary
cc423,intimidation,,5y,,summary
cc423.1,intimidation of a justice system participant or journalist,,14y,,
cc423.2,intimidation — health services,,10y,,summary
cc424,threat against internationally protected person,,5y,,summary
cc424.1,threat against united nations or associated personnel,,10y,,summary
cc425,offences by employers,,,,summary
cc425.1,threats and retaliation against employees,,5y,,summary
cc426,secret commissions,,5y,,summary
cc430(2),mischief — endangering life,,life,,
cc430(3),mischief — over $5000,,10y,,summary
cc430(4),mischief — under $5000,,2y,,summary
cc430(4.1),mischief — religious property educational institutions,,10y,,summary
cc430(4.11),mischief — war memorials — first offence,1000$,10y,1000$,729d
cc430(4.11),mischief — war memorials — second offence,14d,10y,14d,729d
cc430(4.11),mischief — war memorials — subsequent offence,30d,10y,30d,729d
cc430(4.2),mischief — cultural property,,10y,,summary
cc430(5),mischief — computer data,,10y,,summary
cc430(5.1),mischief — omitting to prevent mischief to data,,10y,,summary
cc431,attack on premises residence or transport of internationally protected person,,14y,,
cc431.1,attack on premises residence or transport of united nations or associated personnel,,14y,,
cc431.2,explosive or other lethal device,,life,,
cc432(1),unauthorized recording of a movie,,2y,,summary
cc432(2),unauthorized recording for purpose of sale,,5y,,summary
cc433,arson — disregard for human life,,life,,
cc434,arson — damage to property,,14y,,
cc434.1,arson — own property,,14y,,
cc435,arson — fraudulent purpose,,10y,,summary
cc436,arson — negligence,,5y,,summary
cc436.1,possession of incendiary material,,5y,,summary
cc437,false alarm of fire,,2y,,summary
cc438(1),interfering with saving of wrecked vessel,,5y,,summary
cc438(2),interfering with saving of wreck,,,,summary
cc439,interfering with marine signal,,10y,,summary
cc440,removing natural bar without permission,,2y,,summary
cc441,occupant injuring building,,5y,,summary
cc442,interfering with boundary lines,,,,summary
cc443,interfering with international boundary marks,,5y,,summary
cc445,injuring or endangering other animals,,5y,,10000$-729d-729d&10000$
cc445.01(2)(a),killing or injuring certain animals — law enforcement animal killed,6m,5y,,
cc445.01(2)(b),killing or injuring certain animals,,5y,,10000$-729d-729d&10000$
cc445.1,causing unnecessary suffering — animals,,5y,,10000$-729d-729d&10000$
cc445.2,owning or breeding cetaceans,,,,200000$
cc446,causing damage or injury — animals,,2y,,summary
cc447,arena for animal fighting,,5y,,10000$-729d-729d&10000$
cc449,making — counterfeit money,,14y,,
cc450,possession — counterfeit money,,14y,,
cc451,having clippings produced by altering currency,,5y,,summary
cc452,uttering counterfeit money,,14y,,
cc453,uttering coin,,2y,,summary
cc454,possess or manufacture slugs and tokens,,,,summary
cc455,clipping and uttering clipped coin,,14y,,
cc456,defacing current coins,,,,summary
cc457,likeness of bank notes,,,,summary
cc458,making having or dealing in instruments for counterfeiting,,14y,,
cc459,conveying instruments for coining out of mint,,14y,,
cc460,advertising and dealing in counterfeit money,,5y,,summary
cc462.31(1),laundering proceeds of crime,,10y,,summary
cc462.31(2.1),laundering proceeds of crime — criminal organization,,14y,,
cc463(a),attempts accessories — punishable by life,,14y,,
cc463(b),attempts accessories — punishable by 14y or less,,7y,,
cc463(c),attemps accessories — summary conviction,,,,summary
cc463(d),attempts accessories — hybrid,,7y,,summary
cc464,counselling offence that is not committed — indictable,,14y,,summary
cc465(1)(a),conspiracy — murder,,life,,
cc465(1)(b)(i),conspiracy — indictable punishable by 14y or less,,10y,,summary
cc145(1)(b)(ii),conspiracy — indictable punihsable by less than 14y,,5y,,summary
cc465(1)(c),conspiracy — indictable — other,,life,,
cc465(1)(d),conspiracy — summary,,,,summary
cc467.11,participation in activities of criminal organization,,5y,,summary
cc467.111(a),recruitment of members by a criminal organization — victim under 18,6m,5y,,
cc467.111(b),recruitment of members by a criminal organization,,5y,,
cc467.12,commission of offence for criminal organization,,14y,,
cc467.13,instructing commission of offence for criminal organization,,life,,
cc486.6,failure to comply with publication ban — victims and witnesses,,,,summary
cc487.0197,failure to comply with preservation demand,,,,5000$
cc487.0198,failure to comply with preservation or production order,,,,250000$-729d-729d&250000$
cc487.0199,failure to comply with destruction order,,,,summary
cc487.0552,failure to comply with order or summons,,2y,,summary
cc487.08(3),improper use of bodily substances seized — warrant,,,,summary
cc487.08(4),improper use of bodily substances seized — order authorization,,2y,,summary
cc490.031,failure to comply with soira or nda order,,10000$-729d-729d&10000$,,10000$-729d-729d&10000$
cc490.311,providing false information re soira,,10000$-729d-729d&10000$,,10000$-729d-729d&10000$
cc490.0312,failure to advise police re soira,,,,summary
cc490.8,failure to comply with restraint order,,5y,,summary
cc517,failure to comply with publication ban — bail,,,,summary
cc539,failure to comply with publication ban — preliminary inquiry evidence,,,,summary
cc542,failure to comply with publication ban — preliminary inquiry documents,,,,summary
cc648,failure to comply with publication ban — jury evidence,,,,summary
cc649,disclosure of jury proceedings,,,,summary
cc672.37,improper application for federal employment,,,,summary
672.501,failure to comply with order restricting publication — sexual offences,,,,summary
cc708,contempt,,,,100$-90d-90d&100$
cc732.11,improper use or disclosure of bodily substances seized — probatin order,,,,summary
cc733.1,failure to comply with probation order,,4y,,summary
cc742.31,improper use or disclosure of bodily substances seized — conditional sentence,,,,summary
cc743.21,failure to comply with non-communication order — conditional sentence order,,2y,,summary
cc753.3,failure to comply with long-term supervision order,,10y,,summary
cc810.4,improper use or disclosure of bodily substances seized — recognizance,,,,summary
cc811,breach of recognizance,,4y,,summary